{"theta0": 6331.8333333332885, "theta1": -1106.0198809926176, "mileage_mean": 101066.25, "mileage_std": 51565.1899106445}